Bus Routes Name,Bus Routes Link
Tezpur to Guwahati,https://www.redbus.in/bus-tickets/tezpur-to-guwahati
Tezpur to Guwahati,https://www.redbus.in/bus-tickets/guwahati-to-tezpur
Tezpur to Guwahati,https://www.redbus.in/bus-tickets/nagaon-to-guwahati
Tezpur to Guwahati,https://www.redbus.in/bus-tickets/guwahati-to-nagaon
Tezpur to Guwahati,https://www.redbus.in/bus-tickets/goalpara-to-guwahati
Tezpur to Guwahati,https://www.redbus.in/bus-tickets/jorhat-to-north-lakhimpur
Tezpur to Guwahati,https://www.redbus.in/bus-tickets/dhubri-to-guwahati
Tezpur to Guwahati,https://www.redbus.in/bus-tickets/guwahati-to-dhubri
Tezpur to Guwahati,https://www.redbus.in/bus-tickets/north-lakhimpur-to-sibsagar
Tezpur to Guwahati,https://www.redbus.in/bus-tickets/north-lakhimpur-to-jorhat
Dhekiajuli to Guwahati,https://www.redbus.in/bus-tickets/dhekiajuli-to-guwahati
Dhekiajuli to Guwahati,https://www.redbus.in/bus-tickets/jorhat-to-dibrugarh
Dhekiajuli to Guwahati,https://www.redbus.in/bus-tickets/jorhat-to-dhemaji
Dhekiajuli to Guwahati,https://www.redbus.in/bus-tickets/sibsagar-to-north-lakhimpur
Dhekiajuli to Guwahati,https://www.redbus.in/bus-tickets/dhemaji-to-jorhat
Dhekiajuli to Guwahati,https://www.redbus.in/bus-tickets/tezpur-to-dibrugarh
Dhekiajuli to Guwahati,https://www.redbus.in/bus-tickets/haflong-to-guwahati
Dhekiajuli to Guwahati,https://www.redbus.in/bus-tickets/north-lakhimpur-to-dibrugarh
Dhekiajuli to Guwahati,https://www.redbus.in/bus-tickets/jorhat-to-tinsukia
Dhekiajuli to Guwahati,https://www.redbus.in/bus-tickets/dibrugarh-to-tezpur
Guwahati to Biswanath Charali,https://www.redbus.in/bus-tickets/guwahati-to-biswanath-charali
Guwahati to Biswanath Charali,https://www.redbus.in/bus-tickets/guwahati-to-haflong
Guwahati to Biswanath Charali,https://www.redbus.in/bus-tickets/dibrugarh-to-north-lakhimpur
Guwahati to Biswanath Charali,https://www.redbus.in/bus-tickets/nagaon-to-haflong
Guwahati to Biswanath Charali,https://www.redbus.in/bus-tickets/tezpur-to-moran
Guwahati to Biswanath Charali,https://www.redbus.in/bus-tickets/dibrugarh-to-jorhat
Guwahati to Biswanath Charali,https://www.redbus.in/bus-tickets/guwahati-to-silchar
Guwahati to Biswanath Charali,https://www.redbus.in/bus-tickets/bihpuria-to-dibrugarh
Guwahati to Biswanath Charali,https://www.redbus.in/bus-tickets/haflong-to-nagaon
Guwahati to Biswanath Charali,https://www.redbus.in/bus-tickets/north-lakhimpur-to-tezpur
Biswanath Charali to Guwahati,https://www.redbus.in/bus-tickets/biswanath-charali-to-guwahati
Biswanath Charali to Guwahati,https://www.redbus.in/bus-tickets/biswanath-charali-to-dibrugarh
Biswanath Charali to Guwahati,https://www.redbus.in/bus-tickets/tinsukia-to-jorhat
Biswanath Charali to Guwahati,https://www.redbus.in/bus-tickets/moran-to-tezpur
Biswanath Charali to Guwahati,https://www.redbus.in/bus-tickets/jorhat-to-gogamukh
Biswanath Charali to Guwahati,https://www.redbus.in/bus-tickets/dibrugarh-to-biswanath-charali
Biswanath Charali to Guwahati,https://www.redbus.in/bus-tickets/gohpur-to-guwahati
Biswanath Charali to Guwahati,https://www.redbus.in/bus-tickets/tinsukia-to-tezpur
Biswanath Charali to Guwahati,https://www.redbus.in/bus-tickets/north-lakhimpur-to-golaghat
Biswanath Charali to Guwahati,https://www.redbus.in/bus-tickets/golaghat-to-north-lakhimpur
Silchar to Guwahati,https://www.redbus.in/bus-tickets/silchar-to-guwahati
Silchar to Guwahati,https://www.redbus.in/bus-tickets/bokakhat-to-dibrugarh
Silchar to Guwahati,https://www.redbus.in/bus-tickets/north-lakhimpur-to-moran
Silchar to Guwahati,https://www.redbus.in/bus-tickets/tezpur-to-north-lakhimpur
Silchar to Guwahati,https://www.redbus.in/bus-tickets/tezpur-to-tinsukia
Silchar to Guwahati,https://www.redbus.in/bus-tickets/dibrugarh-to-bihpuria
Silchar to Guwahati,https://www.redbus.in/bus-tickets/dibrugarh-to-bokakhat
